{
	"info": {
		"_postman_id": "40368fb3-cf44-4a69-a000-80c2b003accc",
		"name": "Appointment management system",
		"schema": "https://schema.getpostman.com/json/collection/v2.1.0/collection.json",
		"_exporter_id": "21506882"
	},
	"item": [
		{
			"name": "appiontment",
			"item": [
				{
					"name": "create appointment",
					"request": {
						"auth": {
							"type": "noauth"
						},
						"method": "POST",
						"header": [],
						"body": {
							"mode": "raw",
							"raw": "{\n\n  \"date\": \"2023-05-31\",\n  \"reason\":\"ssssss\",\n  \"status\": \"sssss\",\n  \"patientId\": 1\n\n \n}",
							"options": {
								"raw": {
									"language": "json"
								}
							}
						},
						"url": {
							"raw": "http://localhost:8080/appointments",
							"protocol": "http",
							"host": [
								"localhost"
							],
							"port": "8080",
							"path": [
								"appointments"
							]
						}
					},
					"response": []
				},
				{
					"name": "get todays appiontments",
					"request": {
						"method": "GET",
						"header": [],
						"url": {
							"raw": "http://localhost:8080/appointments/today",
							"protocol": "http",
							"host": [
								"localhost"
							],
							"port": "8080",
							"path": [
								"appointments",
								"today"
							]
						}
					},
					"response": []
				},
				{
					"name": "get Patient Appointments",
					"request": {
						"method": "GET",
						"header": [],
						"url": {
							"raw": "http://localhost:8080/appointments/patients/1",
							"protocol": "http",
							"host": [
								"localhost"
							],
							"port": "8080",
							"path": [
								"appointments",
								"patients",
								"1"
							]
						}
					},
					"response": []
				},
				{
					"name": "Cancle appointment",
					"request": {
						"method": "DELETE",
						"header": [],
						"url": {
							"raw": "http://localhost:8080/appointments/2?reason=test",
							"protocol": "http",
							"host": [
								"localhost"
							],
							"port": "8080",
							"path": [
								"appointments",
								"2"
							],
							"query": [
								{
									"key": "reason",
									"value": "test"
								}
							]
						}
					},
					"response": []
				},
				{
					"name": "get appointment by date or patientName",
					"request": {
						"method": "GET",
						"header": [],
						"url": {
							"raw": "http://localhost:8080/appointments?patientName=mohamed2",
							"protocol": "http",
							"host": [
								"localhost"
							],
							"port": "8080",
							"path": [
								"appointments"
							],
							"query": [
								{
									"key": "patientName",
									"value": "mohamed2"
								}
							]
						}
					},
					"response": []
				}
			]
		},
		{
			"name": "patients",
			"item": [
				{
					"name": "get all patients",
					"request": {
						"method": "GET",
						"header": [],
						"url": {
							"raw": "http://localhost:8080/api/patients",
							"protocol": "http",
							"host": [
								"localhost"
							],
							"port": "8080",
							"path": [
								"api",
								"patients"
							]
						}
					},
					"response": []
				},
				{
					"name": "Create patient",
					"request": {
						"method": "POST",
						"header": [],
						"body": {
							"mode": "raw",
							"raw": "{\n  \"patientName\":\"mo ragab\",\n  \"email\": \"mo.ragab@gmail.com\",\n  \"phone\": \"012365478\"\n}",
							"options": {
								"raw": {
									"language": "json"
								}
							}
						},
						"url": {
							"raw": "http://localhost:8080/api/patients",
							"protocol": "http",
							"host": [
								"localhost"
							],
							"port": "8080",
							"path": [
								"api",
								"patients"
							]
						}
					},
					"response": []
				},
				{
					"name": "delete patient",
					"request": {
						"method": "DELETE",
						"header": [],
						"url": {
							"raw": "http://localhost:8080/api/patients/6",
							"protocol": "http",
							"host": [
								"localhost"
							],
							"port": "8080",
							"path": [
								"api",
								"patients",
								"6"
							]
						}
					},
					"response": []
				}
			]
		}
	]
}